url,date,title
"/brk/tix/5342584355.html,/brk/tix/5342584355.html",,"2 tickets to Neko Case @ The Apollo Theater 8pm Fri, Dec 4th"
"/brk/tix/5342570613.html,/brk/tix/5342570613.html",,Two tickets Joanna newsom $105 for both at Kings Theater 12:7
"/mnh/tix/5336594567.html,/mnh/tix/5336594567.html",,2 Tickets to Broadway Smash HAMILTON 4/28/16
"/mnh/tix/5342566328.html,/mnh/tix/5342566328.html",,**NUTCRACKER ROUGE - NY's sexiest show cheap!
"/jsy/tix/5342508704.html,/jsy/tix/5342508704.html",,United Global Premier Upgrade Service
"/mnh/tix/5342471592.html,/mnh/tix/5342471592.html",,Find LOVE - Adopt The MindSet of An Entrepreneur
"/mnh/tix/5342564908.html,/mnh/tix/5342564908.html",,2 Tixs Ground Control Touring
"/mnh/tix/5342556302.html,/mnh/tix/5342556302.html",,NY Rangers vs Ottawa
"/mnh/tix/5342552093.html,/mnh/tix/5342552093.html",,NY Rangers vs Colorado
"/brx/tix/5322219419.html,/brx/tix/5322219419.html",,SELLING UP TO 8 SEATS TO ALL RANGERS GAMES SEC226 ROW15 CALL ME NOW
"/brx/tix/5322220386.html,/brx/tix/5322220386.html",,SELLING 8 SEATS TO RANGERS vs OTTAWA GAME SEC 226 ROW 15 CALL ME NOW
"/brx/tix/5325413514.html,/brx/tix/5325413514.html",,RANGERS VS COLORADO 12/3 SELLING UP TO 3 SEATS CALLME
"/brx/tix/5329877323.html,/brx/tix/5329877323.html",,SELLING JETS VS TENN TITANS 12/13 YELLOW OR GREEN PARKING CALLME
"/brx/tix/5329888216.html,/brx/tix/5329888216.html",,SEASON TIX HOLDER SELLING 3 SEATS RANGERS VS COLORADO 12/3 CALL ME
"/brx/tix/5331161355.html,/brx/tix/5331161355.html",,SELLING 3 SEATS RANGERS VS COLORADO 12/3 SEC226 ROW15 CALL ME NOW
"/jsy/tix/5342544784.html,/jsy/tix/5342544784.html",,neco case apolo theater
"/brx/tix/5334258510.html,/brx/tix/5334258510.html",,SELLING GREEN PARKING PASS JETS VS MIAMI CALLME
"/lgi/tix/5298768167.html,/lgi/tix/5298768167.html",,Spa Castle tickets $30 ($40 Value)
"/mnh/tix/5329871387.html,/mnh/tix/5329871387.html",,Progressive International Motorcycle Shows 2 tix
"/mnh/tix/5342497285.html,/mnh/tix/5342497285.html",,Phish at MSG 12/30 - 4 tickets available
"/brk/tix/5342518894.html,/brk/tix/5342518894.html",,Rangers islanders $20 each
"/mnh/tix/5332547281.html,/mnh/tix/5332547281.html",,Radio City Christmas Spectacular/ Rockettes on Sat. 12/5/15
"/que/tix/5342509382.html,/que/tix/5342509382.html",,Giants vs Jets 12/6/15
"/mnh/tix/5333316397.html,/mnh/tix/5333316397.html",,**NUTCRACKER ROUGE - NY's sexiest show cheap!
"/mnh/tix/5332218604.html,/mnh/tix/5332218604.html",,airline tickets - $190 - $190
"/mnh/tix/5342384370.html,/mnh/tix/5342384370.html",,"RANGERS VS COLORADO, DEC 3, 2-5 SEATS"
"/mnh/tix/5342502328.html,/mnh/tix/5342502328.html",,2 Tickets to Dinosaur Jr. 12/4
"/mnh/tix/5342498835.html,/mnh/tix/5342498835.html",,Airlines miles for sale
"/mnh/tix/5342400319.html,/mnh/tix/5342400319.html",,Free ticket to a basketball game tonight in Madison Square Garden
"/mnh/tix/5342493035.html,/mnh/tix/5342493035.html",,2 tickets to Radio City Christmas Spectacular - Thurs. Dec. 10 @ 2 pm
"/mnh/tix/5342489229.html,/mnh/tix/5342489229.html",,Giants vs Jets - Great Seats!!!
"/fct/tix/5310480061.html,/fct/tix/5310480061.html",,NY Rangers vs All Teams 2015-2016
"/mnh/tix/5320191259.html,/mnh/tix/5320191259.html",,NY Knicks Tickets Face Value Section 225
"/mnh/tix/5342481923.html,/mnh/tix/5342481923.html",,GIANTS / JETS: 12/6 BLUE PARKING PASS
"/lgi/tix/5320192869.html,/lgi/tix/5320192869.html",,NY Knicks Tickets Face Value Section 225
"/mnh/tix/5342478308.html,/mnh/tix/5342478308.html",,Jody Wisternoff and Cubicolor at Verboten 12/12
"/mnh/tix/5342478143.html,/mnh/tix/5342478143.html",,"2 tickets to Wicked - Tuesday, Dec. 8 at 7 pm"
"/mnh/tix/5342307211.html,/mnh/tix/5342307211.html",,2 Tickets -Radio City Christmas Spectacular 12/4 -Online Transfer
"/brk/tix/5342473876.html,/brk/tix/5342473876.html",,Star Wars The Force Awakens Imax 3-D at LINCOLN SQUARE opening day
"/lgi/tix/5342463038.html,/lgi/tix/5342463038.html",,NY Rangers vs. Ottawa Dec. 6th 2 Tickets CHASE BRIDGE Less than FV
"/mnh/tix/5342470926.html,/mnh/tix/5342470926.html",,FREE - Standup Comedy Show TONIGHT @ 9pm!
"/lgi/tix/5342462797.html,/lgi/tix/5342462797.html",,GA COACHELLA 2016 TICKETS
"/mnh/tid/5342459387.html,/mnh/tid/5342459387.html",,JETS TICKETS üèà NEW YORK JETS VS GIANTS TITANS PATRIOTS!
"/mnh/tid/5342457391.html,/mnh/tid/5342457391.html",,GIANT TICKETS üèà NEW YORK GIANTS VS JETS PANTHERS EAGLES!!!
"/mnh/tix/5342457103.html,/mnh/tix/5342457103.html",,Progressive New York Motorcycle Show 12/11-12/13
"/mnh/tix/5342453400.html,/mnh/tix/5342453400.html",,TRADE: Sleater-Kinney Irving Plaza for Music Hall of Williamsburg
"/mnh/tix/5338791163.html,/mnh/tix/5338791163.html",,1/19 NY Rangers v. Vancouver Canucks- Rangers shoot 2x-Close to Ice
"/mnh/tix/5322648340.html,/mnh/tix/5322648340.html",,Knicks Tickets From Full Season Ticket Holder
"/lgi/tix/5320186121.html,/lgi/tix/5320186121.html",,NY Rangers 2 Tickets Face Value THE CHASE BRIDGE
"/mnh/tix/5338354366.html,/mnh/tix/5338354366.html",,"Ground Control w/ Superchunk, Kurt Vile, Parquet Courts"
"/mnh/tix/5313002360.html,/mnh/tix/5313002360.html",,3 KNICKS CENTER COURT SECTION 223 SEATS
"/mnh/tix/5320193798.html,/mnh/tix/5320193798.html",,NY Rangers Tickets Face Value THE CHASE BRIDGE
"/brx/tix/5327476622.html,/brx/tix/5327476622.html",,4 YANKEES TICKETS - YANKEE STADIUM
"/fct/tix/5342429755.html,/fct/tix/5342429755.html",,December 6 Sunday Philly Eagles at Patriots
"/jsy/tix/5342441745.html,/jsy/tix/5342441745.html",,Neil DeGrasse Tyson - NJPAC - Row B Orch
"/brk/tix/5342438781.html,/brk/tix/5342438781.html",,FREE tickets to a performance @ 7:00 tonight
"/mnh/tix/5342274633.html,/mnh/tix/5342274633.html",,2 Phish Tickets 12/31/15 New York NY - Madison Square Garden - NYE
"/mnh/tix/5342436123.html,/mnh/tix/5342436123.html",,Hotel Tonight - Free credit
"/lgi/tix/5342435189.html,/lgi/tix/5342435189.html",,Islanders vs Rangers 12/2
"/mnh/tix/5342434480.html,/mnh/tix/5342434480.html",,2 AMC Gold Movie Passes
"/brk/tix/5342434126.html,/brk/tix/5342434126.html",,ny islanders vs ny rangers
"/mnh/tix/5342433260.html,/mnh/tix/5342433260.html",,Islanders vs Rangers 12/2
"/mnh/tix/5342410228.html,/mnh/tix/5342410228.html",,Rangers vs Avalanche
"/wch/tix/5342398545.html,/wch/tix/5342398545.html",,SARAH MCLACHLAN @ CAPITOL THEATER 12/5/2015
"/mnh/tid/5342418919.html,/mnh/tid/5342418919.html",,HAMILTON TICKETS ‚òÖ BROADWAY SHOWS AUTHENTIC DISCOUNTED ORCHESTRA SEATS
"/brx/tix/5336794068.html,/brx/tix/5336794068.html",,new york jets vs Miami dolphins
"/jsy/tix/5342409860.html,/jsy/tix/5342409860.html",,"Red ""Premium"" Giants Parking Permit - Jets vs. Giants 12/6/15"
"/mnh/tix/5328178719.html,/mnh/tix/5328178719.html",,"PANDORA HOLIDAY featuring Fall Out Boy, Panic At The Disco & G-Eazy"
"/brk/tix/5342318060.html,/brk/tix/5342318060.html",,Two Tix for Neko Case @ the Apollo 12/4
"/mnh/tix/5342293453.html,/mnh/tix/5342293453.html",,"4 tickets Phish, MSG, 12/30/15, Sec 102"
"/brk/tix/5338335367.html,/brk/tix/5338335367.html",,Blood Orange @ Apollo Theater December 12th
"/mnh/tix/5342270869.html,/mnh/tix/5342270869.html",,Selling Sweet Seats For Warrior vs Nets
"/mnh/tix/5342366503.html,/mnh/tix/5342366503.html",,2 MARIAH CAREY TICKETS FOR 12/17
"/mnh/tix/5342400609.html,/mnh/tix/5342400609.html",,NY Rangers vs. Ottawa Senators 12-6-2015
"/mnh/tix/5337819499.html,/mnh/tix/5337819499.html",,Thievery Corporation - 4 tix - Dec 11 - Terminal 5
"/fct/tix/5342395762.html,/fct/tix/5342395762.html",,Black Sabbath 2/25/16 - 2 tickets
"/mnh/tix/5342395722.html,/mnh/tix/5342395722.html",,12/2 2 NY Knicks tickets
"/que/tix/5342395536.html,/que/tix/5342395536.html",,Star Wars The Force Awakens 12/17 7:30 AMC 25 Times Square
"/brx/tix/5342288864.html,/brx/tix/5342288864.html",,2 Phish Tickets MSG 12/31/15 NYE FLOOR Sec 1 Row 1 NYC
"/jsy/tix/5311887600.html,/jsy/tix/5311887600.html",,NJ Devils vs. Philly / Fri 12.04.15 / 4 Tix Package / Black Seats
"/mnh/tix/5342377146.html,/mnh/tix/5342377146.html",,2 tix knicks vs 76ers 12/2 - Way below face!!
"/mnh/tix/5342377022.html,/mnh/tix/5342377022.html",,Gore Mountain Ski Lift Voucher
"/mnh/tix/5342375369.html,/mnh/tix/5342375369.html",,San Fermin - trade 2 Thursday tix for Saturday
"/mnh/tix/5342350893.html,/mnh/tix/5342350893.html",,3 tickets to Eric Prydz | EPIC 4.0 @ Terminal 5
"/mnh/tix/5342352327.html,/mnh/tix/5342352327.html",,Goldberg at Park Avenue Armory - Wed 12/9 8:00pm
"/lgi/tix/5325367986.html,/lgi/tix/5325367986.html",,Pair of NY Jets vs Tennessee Titans Tickets 12/13 Sec 204 Row 1 on Aisle
"/lgi/tix/5318635238.html,/lgi/tix/5318635238.html",,Pair of NY Jets vs Tenn Titans Tickets 12/13 Sec 204 Row 1 w/Parking
"/mnh/tix/5342365350.html,/mnh/tix/5342365350.html",,Sugarbush Ski Lift Voucher 2015-2016
"/brk/tix/5342299614.html,/brk/tix/5342299614.html",,Four Tut -Output~ Brooklyn Tonight
"/brk/tix/5342364921.html,/brk/tix/5342364921.html",,Four Tet - Output - December 2 Williamsburg
"/mnh/tix/5323948093.html,/mnh/tix/5323948093.html",,Business Class Flights to Asia- 50% off
"/mnh/tix/5342360055.html,/mnh/tix/5342360055.html",,Monica tickets - @ Gramercy Theatre on Dec. 13th
"/mnh/tid/5342360047.html,/mnh/tid/5342360047.html",,RADIO CITY CHRISTMAS SPECTACULAR TICKETS ‚òÖ MUSIC HALL - PRIME SEATS!
"/mnh/tix/5342359511.html,/mnh/tix/5342359511.html",,Girls + Boys Zedd
"/brk/tix/5342354948.html,/brk/tix/5342354948.html",,New York rangers vs new York Islanders
"/mnh/tix/5303265824.html,/mnh/tix/5303265824.html",,NY RANGERS Tickets (2) Rivalry Games for sale!--- Low Rows 200's!
"/mnh/tix/5303264876.html,/mnh/tix/5303264876.html",,NY RANGERS Tickets - RIVALRY GAMES- Low Rows 200's!
"/mnh/tix/5342351846.html,/mnh/tix/5342351846.html",,Get Up Kids- Irving Plaza- 2x VIP Tickets
"/brk/tix/5342350182.html,/brk/tix/5342350182.html",,islander's rangers ticket
"/brk/tix/5342341768.html,/brk/tix/5342341768.html",,Joanna Newsom
